[
  {
    "appointment_id": "appt_001",
    "pet_id": "pet_002",
    "service_id": "service_002",
    "date": "2025-06-24",
    "time": "12:48"
  },
  {
    "appointment_id": "appt_002",
    "pet_id": "pet_006",
    "service_id": "service_001",
    "date": "2024-12-18",
    "time": "20:18"
  },
  {
    "appointment_id": "appt_003",
    "pet_id": "pet_012",
    "service_id": "service_001",
    "date": "2023-01-25",
    "time": "02:02"
  },
  {
    "appointment_id": "appt_004",
    "pet_id": "pet_003",
    "service_id": "service_002",
    "date": "2025-06-11",
    "time": "19:56"
  },
  {
    "appointment_id": "appt_005",
    "pet_id": "pet_013",
    "service_id": "service_002",
    "date": "2024-07-10",
    "time": "22:54"
  },
  {
    "appointment_id": "appt_006",
    "pet_id": "pet_012",
    "service_id": "service_qGHboIDL",
    "date": "2025-07-01",
    "time": "08:12"
  },
  {
    "appointment_id": "appt_007",
    "pet_id": "pet_002",
    "service_id": "service_001",
    "date": "2024-01-11",
    "time": "08:20"
  },
  {
    "appointment_id": "appt_008",
    "pet_id": "pet_011",
    "service_id": "service_qGHboIDL",
    "date": "2023-10-23",
    "time": "16:58"
  },
  {
    "appointment_id": "appt_009",
    "pet_id": "pet_009",
    "service_id": "service_003",
    "date": "2023-09-20",
    "time": "06:31"
  },
  {
    "appointment_id": "appt_010",
    "pet_id": "pet_011",
    "service_id": "service_qGHboIDL",
    "date": "2022-12-20",
    "time": "01:25"
  },
  {
    "appointment_id": "appt_011",
    "pet_id": "pet_011",
    "service_id": "service_001",
    "date": "2024-05-17",
    "time": "02:31"
  },
  {
    "appointment_id": "appt_012",
    "pet_id": "pet_011",
    "service_id": "service_003",
    "date": "2023-11-05",
    "time": "09:15"
  },
  {
    "appointment_id": "appt_013",
    "pet_id": "pet_004",
    "service_id": "service_001",
    "date": "2025-06-17",
    "time": "17:17"
  },
  {
    "appointment_id": "appt_014",
    "pet_id": "pet_015",
    "service_id": "service_qGHboIDL",
    "date": "2025-07-17",
    "time": "10:47"
  },
  {
    "appointment_id": "appt_015",
    "pet_id": "pet_006",
    "service_id": "service_qGHboIDL",
    "date": "2024-07-10",
    "time": "04:16"
  },
  {
    "appointment_id": "appt_016",
    "pet_id": "pet_008",
    "service_id": "service_qGHboIDL",
    "date": "2023-02-25",
    "time": "03:13"
  },
  {
    "appointment_id": "appt_017",
    "pet_id": "pet_006",
    "service_id": "service_002",
    "date": "2025-05-09",
    "time": "00:07"
  },
  {
    "appointment_id": "appt_018",
    "pet_id": "pet_010",
    "service_id": "service_qGHboIDL",
    "date": "2024-04-01",
    "time": "18:07"
  },
  {
    "appointment_id": "appt_019",
    "pet_id": "pet_006",
    "service_id": "service_qGHboIDL",
    "date": "2023-11-12",
    "time": "13:51"
  },
  {
    "appointment_id": "appt_020",
    "pet_id": "pet_018",
    "service_id": "service_002",
    "date": "2022-12-20",
    "time": "21:57"
  },
  {
    "appointment_id": "appt_021",
    "pet_id": "pet_001",
    "service_id": "service_003",
    "date": "2023-02-23",
    "time": "06:35"
  },
  {
    "appointment_id": "appt_022",
    "pet_id": "pet_012",
    "service_id": "service_003",
    "date": "2024-11-05",
    "time": "13:53"
  },
  {
    "appointment_id": "appt_023",
    "pet_id": "pet_008",
    "service_id": "service_003",
    "date": "2025-08-01",
    "time": "10:53"
  },
  {
    "appointment_id": "appt_024",
    "pet_id": "pet_018",
    "service_id": "service_001",
    "date": "2023-08-26",
    "time": "07:13"
  },
  {
    "appointment_id": "appt_025",
    "pet_id": "pet_004",
    "service_id": "service_qGHboIDL",
    "date": "2024-07-10",
    "time": "13:48"
  },
  {
    "appointment_id": "appt_026",
    "pet_id": "pet_012",
    "service_id": "service_qGHboIDL",
    "date": "2023-06-07",
    "time": "14:14"
  },
  {
    "appointment_id": "appt_027",
    "pet_id": "pet_009",
    "service_id": "service_003",
    "date": "2024-01-01",
    "time": "07:44"
  },
  {
    "appointment_id": "appt_028",
    "pet_id": "pet_017",
    "service_id": "service_002",
    "date": "2023-03-18",
    "time": "22:58"
  },
  {
    "appointment_id": "appt_029",
    "pet_id": "pet_005",
    "service_id": "service_002",
    "date": "2023-01-01",
    "time": "15:09"
  },
  {
    "appointment_id": "appt_030",
    "pet_id": "pet_003",
    "service_id": "service_001",
    "date": "2022-12-20",
    "time": "08:16"
  },
  {
    "appointment_id": "appt_031",
    "pet_id": "pet_009",
    "service_id": "service_002",
    "date": "2023-06-07",
    "time": "18:24"
  },
  {
    "appointment_id": "appt_032",
    "pet_id": "pet_015",
    "service_id": "service_003",
    "date": "2025-05-21",
    "time": "09:08"
  },
  {
    "appointment_id": "appt_033",
    "pet_id": "pet_014",
    "service_id": "service_001",
    "date": "2023-11-03",
    "time": "09:34"
  },
  {
    "appointment_id": "appt_034",
    "pet_id": "pet_004",
    "service_id": "service_003",
    "date": "2025-01-08",
    "time": "13:16"
  },
  {
    "appointment_id": "appt_035",
    "pet_id": "pet_009",
    "service_id": "service_003",
    "date": "2024-07-10",
    "time": "04:53"
  },
  {
    "appointment_id": "appt_036",
    "pet_id": "pet_015",
    "service_id": "service_qGHboIDL",
    "date": "2023-06-09",
    "time": "22:55"
  },
  {
    "appointment_id": "appt_037",
    "pet_id": "pet_004",
    "service_id": "service_003",
    "date": "2023-11-17",
    "time": "17:55"
  },
  {
    "appointment_id": "appt_038",
    "pet_id": "pet_009",
    "service_id": "service_001",
    "date": "2024-02-05",
    "time": "03:57"
  },
  {
    "appointment_id": "appt_039",
    "pet_id": "pet_007",
    "service_id": "service_003",
    "date": "2024-11-21",
    "time": "04:10"
  },
  {
    "appointment_id": "appt_040",
    "pet_id": "pet_017",
    "service_id": "service_qGHboIDL",
    "date": "2022-12-20",
    "time": "06:24"
  },
  {
    "appointment_id": "appt_rank_user_002_00",
    "pet_id": "pet_011",
    "service_id": "service_qGHboIDL",
    "date": "2024-12-08",
    "time": "20:53"
  },
  {
    "appointment_id": "appt_rank_user_002_01",
    "pet_id": "pet_011",
    "service_id": "service_003",
    "date": "2025-05-22",
    "time": "12:24"
  },
  {
    "appointment_id": "appt_rank_user_002_02",
    "pet_id": "pet_011",
    "service_id": "service_003",
    "date": "2025-02-06",
    "time": "06:33"
  },
  {
    "appointment_id": "appt_rank_user_002_03",
    "pet_id": "pet_011",
    "service_id": "service_002",
    "date": "2023-09-25",
    "time": "09:04"
  },
  {
    "appointment_id": "appt_rank_user_002_04",
    "pet_id": "pet_011",
    "service_id": "service_003",
    "date": "2025-09-27",
    "time": "16:39"
  },
  {
    "appointment_id": "appt_rank_user_002_05",
    "pet_id": "pet_011",
    "service_id": "service_002",
    "date": "2024-01-10",
    "time": "17:28"
  },
  {
    "appointment_id": "appt_rank_user_002_06",
    "pet_id": "pet_011",
    "service_id": "service_qGHboIDL",
    "date": "2023-06-09",
    "time": "12:19"
  },
  {
    "appointment_id": "appt_rank_user_002_07",
    "pet_id": "pet_011",
    "service_id": "service_qGHboIDL",
    "date": "2025-05-24",
    "time": "23:53"
  },
  {
    "appointment_id": "appt_rank_user_002_08",
    "pet_id": "pet_011",
    "service_id": "service_001",
    "date": "2025-09-17",
    "time": "22:54"
  },
  {
    "appointment_id": "appt_rank_user_002_09",
    "pet_id": "pet_011",
    "service_id": "service_001",
    "date": "2025-03-10",
    "time": "15:27"
  },
  {
    "appointment_id": "appt_rank_user_004_00",
    "pet_id": "pet_007",
    "service_id": "service_qGHboIDL",
    "date": "2024-11-15",
    "time": "10:48"
  },
  {
    "appointment_id": "appt_rank_user_004_01",
    "pet_id": "pet_007",
    "service_id": "service_003",
    "date": "2023-01-16",
    "time": "10:28"
  },
  {
    "appointment_id": "appt_rank_user_004_02",
    "pet_id": "pet_007",
    "service_id": "service_003",
    "date": "2025-05-20",
    "time": "22:51"
  },
  {
    "appointment_id": "appt_rank_user_004_03",
    "pet_id": "pet_007",
    "service_id": "service_qGHboIDL",
    "date": "2025-01-06",
    "time": "04:44"
  },
  {
    "appointment_id": "appt_rank_user_004_04",
    "pet_id": "pet_007",
    "service_id": "service_qGHboIDL",
    "date": "2024-08-04",
    "time": "23:41"
  },
  {
    "appointment_id": "appt_rank_user_004_05",
    "pet_id": "pet_007",
    "service_id": "service_001",
    "date": "2023-09-24",
    "time": "03:50"
  },
  {
    "appointment_id": "appt_rank_user_004_06",
    "pet_id": "pet_007",
    "service_id": "service_002",
    "date": "2023-02-24",
    "time": "23:43"
  },
  {
    "appointment_id": "appt_rank_user_004_07",
    "pet_id": "pet_007",
    "service_id": "service_001",
    "date": "2023-12-02",
    "time": "23:03"
  },
  {
    "appointment_id": "appt_rank_user_007_00",
    "pet_id": "pet_008",
    "service_id": "service_001",
    "date": "2024-12-15",
    "time": "11:44"
  },
  {
    "appointment_id": "appt_rank_user_007_01",
    "pet_id": "pet_008",
    "service_id": "service_qGHboIDL",
    "date": "2023-12-16",
    "time": "20:14"
  },
  {
    "appointment_id": "appt_rank_user_007_02",
    "pet_id": "pet_008",
    "service_id": "service_001",
    "date": "2023-01-09",
    "time": "14:21"
  },
  {
    "appointment_id": "appt_rank_user_007_03",
    "pet_id": "pet_008",
    "service_id": "service_003",
    "date": "2024-11-14",
    "time": "06:19"
  },
  {
    "appointment_id": "appt_special_user_004",
    "pet_id": "pet_007",
    "service_id": "service_qGHboIDL",
    "date": "2024-09-12",
    "time": "10:00"
  },
  {
    "appointment_id": "appt_special_user_007",
    "pet_id": "pet_012",
    "service_id": "service_qGHboIDL",
    "date": "2024-09-12",
    "time": "10:00"
  }
]