appointment_id,pet_owner_id,pet_id,appointment_datetime
1,134,2,2024-03-23 10:55:22-07
2,111,1,2023-11-14 14:59:56-08
3,51,1,2025-01-07 03:58:21-08
4,94,3,2025-04-02 15:22:08-07
5,63,1,2025-02-20 03:31:28-08
6,115,2,2025-03-31 15:00:45-07
7,97,2,2024-06-22 19:04:03-07
8,150,4,2024-03-13 23:00:42-07
9,12,2,2025-02-16 01:09:10-08
10,77,2,2024-02-10 16:25:29-08
11,28,4,2025-03-15 23:37:39-07
12,142,2,2024-07-09 01:59:23-07
13,54,2,2025-07-20 16:09:00-07
14,113,2,2024-05-04 08:01:09-07
15,31,1,2024-08-28 11:46:30-07
16,100,3,2024-09-18 14:05:58-07
17,94,3,2024-10-31 11:25:07-07
18,25,2,2024-12-23 05:44:41-08
19,14,1,2024-03-05 15:25:18-08
20,94,2,2025-05-20 19:35:42-07
21,100,3,2024-09-16 02:04:52-07
22,148,1,2024-10-04 22:01:51-07
23,32,2,2024-03-17 12:46:39-07
24,19,3,2025-09-23 11:22:19-07
25,15,2,2024-02-05 03:16:37-08
26,2,3,2025-09-07 23:35:14-07
27,3,2,2025-02-26 11:44:19-08
28,72,3,2023-10-03 13:44:41-07
29,90,3,2025-01-09 13:28:04-08
30,109,4,2024-04-30 16:51:00-07
31,148,1,2023-11-17 17:06:41-08
32,27,2,2025-01-09 15:38:29-08
33,8,1,2024-12-16 19:43:01-08
34,148,2,2024-10-06 22:49:55-07
35,10,2,2024-03-27 05:34:21-07
36,100,4,2024-06-09 06:00:59-07
37,134,1,2025-05-25 15:09:00-07
38,130,1,2024-10-08 19:41:54-07
39,70,1,2025-06-26 15:31:09-07
40,59,2,2025-01-12 22:17:48-08
41,135,1,2024-04-12 10:21:23-07
42,81,1,2024-02-10 10:52:42-08
43,31,1,2024-03-19 08:09:18-07
44,59,3,2025-09-19 19:56:48-07
45,29,1,2024-05-31 08:40:50-07
46,24,2,2024-07-16 14:24:17-07
47,48,2,2025-07-06 00:46:50-07
48,90,3,2024-07-24 16:25:42-07
49,92,1,2024-12-04 08:40:46-08
50,55,2,2025-06-04 17:13:39-07
51,64,1,2023-12-06 14:51:39-08
52,10,2,2025-01-15 20:47:32-08
53,63,1,2025-06-06 12:58:36-07
54,24,2,2024-06-18 22:22:35-07
55,100,1,2025-06-28 16:10:25-07
56,63,3,2025-08-21 02:27:35-07
57,40,3,2024-09-15 16:35:50-07
58,138,1,2024-11-11 05:23:19-08
59,78,1,2024-10-23 15:35:30-07
60,39,2,2023-12-07 14:12:15-08
61,122,1,2024-11-16 14:53:06-08
62,40,3,2024-11-19 14:50:13-08
63,115,1,2023-12-15 02:41:04-08
64,40,2,2025-08-19 23:03:34-07
65,127,2,2023-12-24 18:15:13-08
66,1,1,2024-09-26 10:57:31-07
67,137,1,2024-12-02 09:10:30-08
68,139,1,2025-08-10 06:06:56-07
69,45,1,2023-11-07 19:00:28-08
70,109,4,2023-11-25 11:29:22-08
71,77,1,2025-04-20 09:43:07-07
72,57,2,2024-01-14 06:53:26-08
73,2,3,2025-02-01 13:28:06-08
74,34,6,2025-05-14 00:16:20-07
75,94,4,2025-07-03 12:51:09-07
76,100,3,2025-07-17 01:33:39-07
77,41,1,2023-12-21 12:29:37-08
78,90,2,2025-02-01 05:19:08-08
79,10,2,2025-06-21 19:05:48-07
80,60,1,2024-10-10 16:25:56-07
81,115,1,2023-12-14 04:57:02-08
82,1,2,2024-02-19 21:44:48-08
83,97,1,2023-12-21 02:47:07-08
84,114,1,2024-07-14 01:44:10-07
85,60,2,2023-10-17 15:05:56-07
86,8,1,2024-04-02 03:15:23-07
87,150,1,2024-11-22 09:36:21-08
88,127,3,2024-11-16 03:46:34-08
89,92,1,2024-10-27 15:03:19-07
90,92,1,2024-10-29 18:44:38-07
91,83,1,2024-09-03 16:51:33-07
92,150,1,2025-03-14 22:27:53-07
93,40,4,2025-02-11 19:24:32-08
94,34,5,2024-09-13 17:29:57-07
95,81,1,2024-02-01 00:56:39-08
96,10,1,2025-05-13 16:54:39-07
97,139,2,2023-09-29 17:52:23-07
98,83,1,2024-06-02 17:17:06-07
99,34,4,2024-12-08 15:56:57-08
100,100,4,2025-03-23 03:57:06-07
101,59,4,2024-05-19 02:24:22-07
102,87,1,2025-06-23 10:38:50-07
103,84,1,2025-01-31 01:47:35-08
104,28,3,2024-12-08 00:58:25-08
105,139,2,2024-10-07 22:49:46-07
106,127,2,2025-07-25 23:40:30-07
107,64,1,2025-09-24 21:04:22-07
108,83,1,2025-01-03 23:06:10-08
109,134,2,2025-08-27 10:09:52-07
110,28,3,2025-03-05 14:16:05-08
111,90,1,2024-07-31 17:40:32-07
112,119,4,2025-09-17 22:01:37-07
113,119,2,2024-08-27 22:50:48-07
114,109,2,2025-04-12 13:17:17-07
115,34,3,2024-05-27 23:34:23-07
116,147,1,2024-04-04 14:54:29-07
117,40,3,2024-05-31 22:48:08-07
118,111,1,2024-02-17 05:46:32-08
119,19,3,2024-04-29 02:18:04-07
120,34,3,2024-03-18 15:37:45-07
121,4,1,2025-01-24 14:08:33-08
122,150,4,2024-12-02 10:37:26-08
123,113,2,2025-07-20 08:01:24-07
124,48,3,2023-11-08 05:12:26-08
125,48,2,2025-02-19 21:36:54-08
126,132,2,2024-08-02 16:45:03-07
127,26,1,2024-01-07 11:26:27-08
128,77,1,2024-03-26 10:14:49-07
129,90,3,2024-12-31 14:18:35-08
130,51,1,2024-01-08 06:03:08-08
131,130,1,2024-04-26 06:41:58-07
132,119,3,2023-10-13 07:24:03-07
133,5,1,2024-01-23 20:48:18-08
134,100,1,2025-07-22 11:36:15-07
135,119,1,2025-02-11 03:15:44-08
136,72,3,2025-04-18 23:49:54-07
137,142,1,2025-02-06 14:48:06-08
138,19,3,2024-08-24 17:08:22-07
139,100,1,2025-09-09 03:39:59-07
140,113,3,2025-09-04 01:08:30-07
141,51,2,2024-01-09 19:09:06-08
142,68,1,2025-06-25 19:33:52-07
143,139,2,2024-09-03 20:23:10-07
144,65,1,2025-07-20 20:59:21-07
145,116,1,2025-09-07 20:19:24-07
146,149,3,2023-10-08 09:44:01-07
147,87,1,2024-01-07 21:12:02-08
148,28,4,2025-03-05 18:00:23-08
149,17,1,2024-04-25 04:00:48-07
150,8,1,2024-01-21 17:54:46-08
151,128,1,2024-09-12 16:00:51-07
152,115,2,2024-07-11 09:21:05-07
153,88,2,2025-07-26 14:18:40-07
154,28,4,2024-12-25 16:01:34-08
155,34,3,2023-12-15 11:14:38-08
156,108,2,2024-01-26 01:38:47-08
157,142,2,2025-05-06 07:56:13-07
158,72,1,2025-03-27 22:15:56-07
159,15,2,2024-06-17 00:06:34-07
160,142,2,2023-11-14 12:02:01-08
161,109,4,2025-09-26 01:37:28-07
162,121,1,2025-07-10 16:42:10-07
163,139,2,2024-12-15 22:54:51-08
164,8,2,2024-03-04 10:04:42-08
165,121,1,2024-03-07 01:03:18-08
166,127,1,2025-06-10 20:53:11-07
167,40,4,2025-04-07 13:38:12-07
168,29,1,2025-04-03 20:31:41-07
169,116,2,2025-06-30 00:05:45-07
170,109,2,2024-08-21 19:50:32-07
171,40,3,2023-12-14 12:58:37-08
172,134,1,2025-05-22 16:49:03-07
173,40,3,2025-08-19 18:23:11-07
174,34,3,2025-04-16 16:02:26-07
175,80,1,2025-03-21 03:26:41-07
176,84,4,2024-11-28 17:44:45-08
177,114,1,2024-03-19 01:37:19-07
178,90,3,2024-01-27 06:32:19-08
179,34,5,2025-08-03 12:20:04-07
180,26,1,2025-03-22 10:46:31-07
181,88,1,2024-02-01 03:40:09-08
182,100,3,2024-07-03 17:02:30-07
183,127,2,2023-11-05 05:29:16-08
184,124,2,2024-09-19 17:05:54-07
185,139,1,2025-05-27 00:28:25-07
186,55,2,2024-03-13 10:16:08-07
187,90,1,2024-07-18 22:22:28-07
188,14,1,2023-12-03 05:19:58-08
189,95,1,2025-03-09 13:47:34-07
190,113,1,2024-06-16 23:34:51-07
191,133,1,2025-02-11 12:18:57-08
192,105,1,2024-06-02 21:30:44-07
193,116,2,2024-06-05 19:17:06-07
194,28,1,2025-01-14 17:39:34-08
195,149,3,2025-05-06 09:07:03-07
196,94,2,2024-02-25 05:36:44-08
197,150,3,2024-11-14 11:18:50-08
198,48,2,2025-09-07 11:50:21-07
199,127,3,2025-06-10 02:10:14-07
200,90,3,2024-12-08 08:45:17-08
201,102,1,2024-12-16 20:42:57-08
202,121,2,2025-06-16 11:12:07-07
203,75,2,2025-02-28 23:44:00-08
204,63,1,2024-04-10 06:14:33-07
205,77,1,2024-12-27 06:55:37-08
206,114,1,2024-02-07 04:41:18-08
207,119,1,2024-05-05 21:55:07-07
208,27,1,2024-10-07 19:46:39-07
209,109,2,2024-04-15 22:06:55-07
210,134,2,2025-08-09 01:46:06-07
211,90,1,2025-09-18 01:08:27-07
212,92,1,2024-09-29 18:39:46-07
213,19,2,2024-05-21 04:49:47-07
214,30,1,2024-05-08 17:05:44-07
215,139,4,2024-10-01 16:19:57-07
216,59,1,2025-02-25 16:03:26-08
217,112,1,2025-02-09 21:45:04-08
218,86,1,2025-09-14 06:13:18-07
219,32,2,2024-03-30 13:12:38-07
220,75,2,2024-04-21 22:37:50-07
221,121,1,2025-04-12 21:22:54-07
222,115,2,2024-11-25 23:55:41-08
223,127,2,2025-04-19 10:16:01-07
224,102,2,2025-08-26 00:57:45-07
225,115,2,2023-10-29 02:08:28-07
226,142,1,2024-05-28 07:16:44-07
227,81,2,2023-11-21 20:30:39-08
228,91,1,2025-01-20 07:48:02-08
229,139,3,2025-05-23 23:45:52-07
230,29,1,2024-05-14 08:36:58-07
231,19,2,2025-05-25 01:13:04-07
232,150,4,2024-03-17 12:06:41-07
233,91,1,2024-03-22 22:06:23-07
234,48,1,2025-02-20 02:09:27-08
235,109,3,2024-02-17 19:29:56-08
236,4,1,2025-04-24 02:14:42-07
237,63,1,2025-01-08 05:59:25-08
238,109,2,2024-05-16 19:25:16-07
239,104,1,2025-08-21 19:17:20-07
240,8,2,2024-05-27 10:13:05-07
241,127,1,2024-01-04 18:08:59-08
242,87,1,2024-04-15 10:44:27-07
243,76,1,2024-05-11 11:03:19-07
244,102,1,2024-12-05 09:59:26-08
245,133,1,2025-03-06 19:37:32-08
246,2,1,2025-09-15 11:52:45-07
247,65,1,2024-05-09 12:01:38-07
248,108,2,2025-04-06 21:08:32-07
249,100,4,2023-10-30 01:43:55-07
250,34,1,2025-03-22 18:38:32-07
251,2,2,2024-03-30 07:52:04-07
252,18,2,2025-02-22 11:31:32-08
253,147,2,2025-03-16 11:55:53-07
254,70,1,2024-09-29 20:13:54-07
255,91,1,2025-03-30 20:44:59-07
256,94,4,2025-05-23 22:29:26-07
257,113,2,2025-04-15 01:47:46-07
258,54,2,2025-03-18 10:37:07-07
259,51,1,2024-12-18 15:11:13-08
260,27,2,2025-09-11 17:38:54-07
261,19,1,2024-09-12 17:42:07-07
262,76,1,2025-08-08 19:00:58-07
263,124,1,2025-02-01 09:35:41-08
264,119,2,2025-04-11 23:36:21-07
265,76,1,2023-10-03 00:01:32-07
266,102,1,2023-12-14 20:31:50-08
267,87,1,2025-07-04 18:21:29-07
268,60,1,2025-03-31 02:48:02-07
269,28,1,2024-02-02 12:02:16-08
270,100,1,2024-05-04 10:29:28-07
271,60,2,2024-12-02 07:46:06-08
272,90,1,2024-12-10 13:02:24-08
273,57,3,2024-02-04 17:09:49-08
274,124,2,2024-07-18 06:33:45-07
275,115,2,2024-10-10 08:05:39-07
276,150,4,2025-06-30 17:22:12-07
277,113,1,2024-06-19 05:25:15-07
278,113,2,2024-07-24 14:11:29-07
279,32,2,2024-04-14 03:32:28-07
280,2,3,2025-08-09 02:53:14-07
281,2,1,2024-05-20 05:33:21-07
282,26,1,2024-03-26 23:43:19-07
283,135,1,2025-01-16 19:28:27-08
284,115,2,2024-09-16 15:55:33-07
285,140,2,2025-04-23 16:33:43-07
286,139,3,2024-09-05 13:16:06-07
287,27,2,2024-03-24 19:03:03-07
288,41,1,2024-01-04 13:23:02-08
289,25,2,2025-03-02 15:26:02-08
290,87,1,2025-03-08 10:32:10-08
291,76,1,2024-06-09 17:11:08-07
292,25,2,2024-12-18 20:54:56-08
293,15,2,2024-08-26 20:18:08-07
294,8,1,2024-05-11 00:35:14-07
295,97,1,2025-02-18 09:02:22-08
296,18,1,2023-11-18 02:58:24-08
297,95,1,2023-12-08 13:07:05-08
298,51,1,2025-06-19 01:36:10-07
299,38,2,2023-10-12 14:55:01-07
300,109,1,2023-10-30 09:43:31-07
301,108,2,2025-01-31 21:00:23-08
302,78,1,2025-08-12 23:54:12-07
303,134,1,2025-07-20 02:25:25-07
304,24,3,2025-04-15 06:08:19-07
305,113,4,2025-01-07 01:19:37-08
306,3,2,2023-11-05 19:37:02-08
307,72,2,2024-06-04 21:08:32-07
308,54,1,2024-10-17 20:54:10-07
309,34,1,2023-10-12 17:59:41-07
310,94,1,2024-05-13 23:14:48-07
311,57,3,2024-04-19 20:46:02-07
312,104,1,2025-07-19 00:21:30-07
313,108,1,2024-11-22 23:49:31-08
314,57,1,2025-07-30 13:23:52-07
315,92,1,2024-05-01 03:44:02-07
316,46,1,2025-09-02 08:22:11-07
317,133,1,2025-09-02 22:10:04-07
318,32,1,2025-08-01 11:01:39-07
319,3,2,2025-07-28 06:18:59-07
320,8,1,2025-02-18 23:30:58-08
321,59,4,2024-11-28 13:05:59-08
322,34,1,2023-10-23 12:27:49-07
323,127,3,2024-08-11 01:06:47-07
324,82,1,2025-03-17 01:16:58-07
325,12,3,2024-05-11 22:44:39-07
326,94,3,2024-02-21 10:16:56-08
327,18,1,2024-06-15 17:01:41-07
328,90,3,2024-10-24 04:57:46-07
329,76,1,2025-02-07 05:01:03-08
330,18,2,2025-04-07 22:41:10-07
331,105,1,2025-02-05 00:13:02-08
332,94,4,2025-06-14 22:55:06-07
333,139,4,2024-05-28 08:40:46-07
334,109,1,2024-08-01 03:58:52-07
335,45,1,2024-11-26 17:36:49-08
336,84,1,2023-10-22 06:20:29-07
337,38,1,2025-03-07 16:16:14-08
338,31,1,2023-10-25 11:50:04-07
339,26,1,2024-08-09 09:44:20-07
340,26,1,2025-04-05 15:10:01-07
341,8,2,2024-01-29 11:04:21-08
342,139,4,2024-08-26 21:20:48-07
343,4,1,2024-10-22 05:54:32-07
344,34,3,2024-06-04 09:34:10-07
345,108,1,2025-03-10 14:41:50-07
346,132,1,2023-11-06 13:40:04-08
347,105,2,2025-06-07 03:30:44-07
348,113,4,2024-09-20 16:34:55-07
349,138,1,2024-06-13 20:54:37-07
350,12,1,2023-12-04 13:15:11-08
351,118,1,2024-06-15 22:39:42-07
352,40,2,2025-02-08 00:16:39-08
353,19,3,2025-09-25 10:39:30-07
354,115,1,2024-12-07 22:41:47-08
355,140,1,2024-08-03 08:54:39-07
356,63,1,2023-11-08 07:44:48-08
357,127,2,2024-08-11 12:11:30-07
358,18,2,2024-01-03 06:06:12-08
359,126,1,2025-06-15 15:23:49-07
360,59,4,2024-11-28 21:05:09-08
361,3,1,2023-10-23 18:05:59-07
362,2,3,2024-03-20 03:00:23-07
363,112,1,2024-10-30 23:28:48-07
364,115,2,2023-11-23 03:00:14-08
365,138,1,2024-07-14 02:25:39-07
366,34,1,2024-07-04 12:47:51-07
367,94,1,2024-07-07 14:24:46-07
368,38,1,2024-07-13 04:12:49-07
369,119,2,2023-10-07 03:14:22-07
370,148,2,2025-06-18 07:54:25-07
371,127,1,2024-07-02 10:34:32-07
372,31,1,2024-09-10 06:31:58-07
373,102,1,2025-06-08 00:24:00-07
374,139,1,2023-12-02 00:18:29-08
375,118,1,2025-08-21 18:03:10-07
376,84,2,2024-02-05 00:23:22-08
377,111,1,2025-04-01 07:14:09-07
378,47,1,2024-02-24 22:10:48-08
379,65,1,2023-11-24 07:48:12-08
380,113,1,2024-10-31 08:47:57-07
381,5,1,2025-08-28 23:00:35-07
382,140,2,2023-12-09 06:02:50-08
383,54,2,2024-10-04 14:43:29-07
384,87,1,2024-09-30 10:22:10-07
385,134,2,2025-03-06 15:40:08-08
386,127,3,2024-04-23 08:15:41-07
387,27,2,2024-08-06 04:34:52-07
388,119,4,2024-04-28 06:30:58-07
389,109,1,2024-10-21 01:05:37-07
390,97,1,2024-02-29 02:32:55-08
391,86,1,2025-09-23 13:28:32-07
392,38,1,2025-04-09 04:11:38-07
393,139,2,2024-10-07 18:43:53-07
394,81,2,2024-04-10 16:09:08-07
395,65,1,2025-06-09 09:36:17-07
396,76,1,2025-02-27 13:57:05-08
397,112,1,2024-01-21 09:13:48-08
398,102,3,2024-01-12 03:31:46-08
399,133,1,2024-08-02 22:57:16-07
400,83,1,2024-04-01 22:25:13-07
